tri,taille,cas,plage,temps
bulle_basique,1000,aleatoire,petite,0.001806
bulle_basique_v2,1000,aleatoire,petite,0.001130
bulle_optimise,1000,aleatoire,petite,0.001129
cocktail,1000,aleatoire,petite,0.000965
selection,1000,aleatoire,petite,0.000713
insertion,1000,aleatoire,petite,0.000354
comptage,1000,aleatoire,petite,0.000004
fusion,1000,aleatoire,petite,0.000108
rapide,1000,aleatoire,petite,0.000101
bulle_basique,1000,croissant,petite,0.001349
bulle_basique_v2,1000,croissant,petite,0.000680
bulle_optimise,1000,croissant,petite,0.000001
cocktail,1000,croissant,petite,0.000003
selection,1000,croissant,petite,0.000678
insertion,1000,croissant,petite,0.000003
comptage,1000,croissant,petite,0.000007
fusion,1000,croissant,petite,0.000071
rapide,1000,croissant,petite,0.000023
bulle_basique,1000,decroissant,petite,0.001839
bulle_basique_v2,1000,decroissant,petite,0.001212
bulle_optimise,1000,decroissant,petite,0.001242
cocktail,1000,decroissant,petite,0.001187
selection,1000,decroissant,petite,0.000780
insertion,1000,decroissant,petite,0.000757
comptage,1000,decroissant,petite,0.000014
fusion,1000,decroissant,petite,0.000074
rapide,1000,decroissant,petite,0.000036
bulle_basique,1000,constant,petite,0.001348
bulle_basique_v2,1000,constant,petite,0.000673
bulle_optimise,1000,constant,petite,0.000001
cocktail,1000,constant,petite,0.000003
selection,1000,constant,petite,0.000680
insertion,1000,constant,petite,0.000002
comptage,1000,constant,petite,0.000006
fusion,1000,constant,petite,0.000069
rapide,1000,constant,petite,0.001130
bulle_basique,1000,aleatoire,grande,0.001841
bulle_basique_v2,1000,aleatoire,grande,0.001178
bulle_optimise,1000,aleatoire,grande,0.001165
cocktail,1000,aleatoire,grande,0.000995
selection,1000,aleatoire,grande,0.000735
insertion,1000,aleatoire,grande,0.000388
comptage,1000,aleatoire,grande,0.002063
fusion,1000,aleatoire,grande,0.000128
rapide,1000,aleatoire,grande,0.000069
bulle_basique,1000,croissant,grande,0.001344
bulle_basique_v2,1000,croissant,grande,0.000663
bulle_optimise,1000,croissant,grande,0.000002
cocktail,1000,croissant,grande,0.000003
selection,1000,croissant,grande,0.000681
insertion,1000,croissant,grande,0.000002
comptage,1000,croissant,grande,0.000009
fusion,1000,croissant,grande,0.000071
rapide,1000,croissant,grande,0.000022
bulle_basique,1000,decroissant,grande,0.001835
bulle_basique_v2,1000,decroissant,grande,0.001202
bulle_optimise,1000,decroissant,grande,0.001210
cocktail,1000,decroissant,grande,0.001180
selection,1000,decroissant,grande,0.000777
insertion,1000,decroissant,grande,0.000739
comptage,1000,decroissant,grande,0.000007
fusion,1000,decroissant,grande,0.000076
rapide,1000,decroissant,grande,0.000036
bulle_basique,1000,constant,grande,0.001350
bulle_basique_v2,1000,constant,grande,0.000679
bulle_optimise,1000,constant,grande,0.000002
cocktail,1000,constant,grande,0.000004
selection,1000,constant,grande,0.000678
insertion,1000,constant,grande,0.000003
comptage,1000,constant,grande,0.000703
fusion,1000,constant,grande,0.000071
rapide,1000,constant,grande,0.001115
bulle_basique,3000,aleatoire,petite,0.016657
bulle_basique_v2,3000,aleatoire,petite,0.010640
bulle_optimise,3000,aleatoire,petite,0.010545
cocktail,3000,aleatoire,petite,0.009069
selection,3000,aleatoire,petite,0.006183
insertion,3000,aleatoire,petite,0.003050
comptage,3000,aleatoire,petite,0.000013
fusion,3000,aleatoire,petite,0.000341
rapide,3000,aleatoire,petite,0.000633
bulle_basique,3000,croissant,petite,0.012162
bulle_basique_v2,3000,croissant,petite,0.006053
bulle_optimise,3000,croissant,petite,0.000004
cocktail,3000,croissant,petite,0.000008
selection,3000,croissant,petite,0.006053
insertion,3000,croissant,petite,0.000008
comptage,3000,croissant,petite,0.000023
fusion,3000,croissant,petite,0.000219
rapide,3000,croissant,petite,0.000078
bulle_basique,3000,decroissant,petite,0.016401
bulle_basique_v2,3000,decroissant,petite,0.010841
bulle_optimise,3000,decroissant,petite,0.010959
cocktail,3000,decroissant,petite,0.010564
selection,3000,decroissant,petite,0.006870
insertion,3000,decroissant,petite,0.006547
comptage,3000,decroissant,petite,0.000020
fusion,3000,decroissant,petite,0.000234
rapide,3000,decroissant,petite,0.000104
bulle_basique,3000,constant,petite,0.012111
bulle_basique_v2,3000,constant,petite,0.006115
bulle_optimise,3000,constant,petite,0.000006
cocktail,3000,constant,petite,0.000008
selection,3000,constant,petite,0.006080
insertion,3000,constant,petite,0.000008
comptage,3000,constant,petite,0.000016
fusion,3000,constant,petite,0.000227
rapide,3000,constant,petite,0.010002
bulle_basique,3000,aleatoire,grande,0.016950
bulle_basique_v2,3000,aleatoire,grande,0.010817
bulle_optimise,3000,aleatoire,grande,0.010640
cocktail,3000,aleatoire,grande,0.009538
selection,3000,aleatoire,grande,0.006242
insertion,3000,aleatoire,grande,0.003229
comptage,3000,aleatoire,grande,0.002102
fusion,3000,aleatoire,grande,0.000434
rapide,3000,aleatoire,grande,0.000238
bulle_basique,3000,croissant,grande,0.012110
bulle_basique_v2,3000,croissant,grande,0.006067
bulle_optimise,3000,croissant,grande,0.000005
cocktail,3000,croissant,grande,0.000009
selection,3000,croissant,grande,0.006058
insertion,3000,croissant,grande,0.000008
comptage,3000,croissant,grande,0.000021
fusion,3000,croissant,grande,0.000229
rapide,3000,croissant,grande,0.000078
bulle_basique,3000,decroissant,grande,0.016467
bulle_basique_v2,3000,decroissant,grande,0.011046
bulle_optimise,3000,decroissant,grande,0.010926
cocktail,3000,decroissant,grande,0.010499
selection,3000,decroissant,grande,0.006823
insertion,3000,decroissant,grande,0.006421
comptage,3000,decroissant,grande,0.000021
fusion,3000,decroissant,grande,0.000238
rapide,3000,decroissant,grande,0.000104
bulle_basique,3000,constant,grande,0.012132
bulle_basique_v2,3000,constant,grande,0.006061
bulle_optimise,3000,constant,grande,0.000004
cocktail,3000,constant,grande,0.000009
selection,3000,constant,grande,0.006056
insertion,3000,constant,grande,0.000007
comptage,3000,constant,grande,0.000373
fusion,3000,constant,grande,0.000227
rapide,3000,constant,grande,0.010004
bulle_basique,5000,aleatoire,petite,0.050174
bulle_basique_v2,5000,aleatoire,petite,0.033068
bulle_optimise,5000,aleatoire,petite,0.033521
cocktail,5000,aleatoire,petite,0.029154
selection,5000,aleatoire,petite,0.017035
insertion,5000,aleatoire,petite,0.008470
comptage,5000,aleatoire,petite,0.000020
fusion,5000,aleatoire,petite,0.000616
rapide,5000,aleatoire,petite,0.001545
bulle_basique,5000,croissant,petite,0.033597
bulle_basique_v2,5000,croissant,petite,0.016908
bulle_optimise,5000,croissant,petite,0.000007
cocktail,5000,croissant,petite,0.000014
selection,5000,croissant,petite,0.016810
insertion,5000,croissant,petite,0.000013
comptage,5000,croissant,petite,0.000040
fusion,5000,croissant,petite,0.000387
rapide,5000,croissant,petite,0.000132
bulle_basique,5000,decroissant,petite,0.045529
bulle_basique_v2,5000,decroissant,petite,0.030041
bulle_optimise,5000,decroissant,petite,0.030220
cocktail,5000,decroissant,petite,0.029316
selection,5000,decroissant,petite,0.019008
insertion,5000,decroissant,petite,0.018264
comptage,5000,decroissant,petite,0.000032
fusion,5000,decroissant,petite,0.000420
rapide,5000,decroissant,petite,0.000178
bulle_basique,5000,constant,petite,0.033711
bulle_basique_v2,5000,constant,petite,0.017091
bulle_optimise,5000,constant,petite,0.000008
cocktail,5000,constant,petite,0.000013
selection,5000,constant,petite,0.017040
insertion,5000,constant,petite,0.000012
comptage,5000,constant,petite,0.000024
fusion,5000,constant,petite,0.000395
rapide,5000,constant,petite,0.027882
bulle_basique,5000,aleatoire,grande,0.050421
bulle_basique_v2,5000,aleatoire,grande,0.033905
bulle_optimise,5000,aleatoire,grande,0.032859
cocktail,5000,aleatoire,grande,0.028822
selection,5000,aleatoire,grande,0.017160
insertion,5000,aleatoire,grande,0.009151
comptage,5000,aleatoire,grande,0.002070
fusion,5000,aleatoire,grande,0.000711
rapide,5000,aleatoire,grande,0.000402
bulle_basique,5000,croissant,grande,0.033673
bulle_basique_v2,5000,croissant,grande,0.016587
bulle_optimise,5000,croissant,grande,0.000007
cocktail,5000,croissant,grande,0.000014
selection,5000,croissant,grande,0.016892
insertion,5000,croissant,grande,0.000013
comptage,5000,croissant,grande,0.000034
fusion,5000,croissant,grande,0.000419
rapide,5000,croissant,grande,0.000133
bulle_basique,5000,decroissant,grande,0.045135
bulle_basique_v2,5000,decroissant,grande,0.029784
bulle_optimise,5000,decroissant,grande,0.029957
cocktail,5000,decroissant,grande,0.028995
selection,5000,decroissant,grande,0.019456
insertion,5000,decroissant,grande,0.018187
comptage,5000,decroissant,grande,0.000038
fusion,5000,decroissant,grande,0.000409
rapide,5000,decroissant,grande,0.000175
bulle_basique,5000,constant,grande,0.033557
bulle_basique_v2,5000,constant,grande,0.016742
bulle_optimise,5000,constant,grande,0.000007
cocktail,5000,constant,grande,0.000014
selection,5000,constant,grande,0.016766
insertion,5000,constant,grande,0.000013
comptage,5000,constant,grande,0.002042
fusion,5000,constant,grande,0.000469
rapide,5000,constant,grande,0.027503
bulle_basique,7000,aleatoire,petite,0.105664
bulle_basique_v2,7000,aleatoire,petite,0.070542
bulle_optimise,7000,aleatoire,petite,0.070590
cocktail,7000,aleatoire,petite,0.059183
selection,7000,aleatoire,petite,0.032819
insertion,7000,aleatoire,petite,0.016308
comptage,7000,aleatoire,petite,0.000028
fusion,7000,aleatoire,petite,0.000832
rapide,7000,aleatoire,petite,0.002905
bulle_basique,7000,croissant,petite,0.065212
bulle_basique_v2,7000,croissant,petite,0.032914
bulle_optimise,7000,croissant,petite,0.000010
cocktail,7000,croissant,petite,0.000019
selection,7000,croissant,petite,0.033134
insertion,7000,croissant,petite,0.000017
comptage,7000,croissant,petite,0.000051
fusion,7000,croissant,petite,0.000583
rapide,7000,croissant,petite,0.000194
bulle_basique,7000,decroissant,petite,0.088391
bulle_basique_v2,7000,decroissant,petite,0.058817
bulle_optimise,7000,decroissant,petite,0.059293
cocktail,7000,decroissant,petite,0.056784
selection,7000,decroissant,petite,0.036997
insertion,7000,decroissant,petite,0.034576
comptage,7000,decroissant,petite,0.000050
fusion,7000,decroissant,petite,0.000544
rapide,7000,decroissant,petite,0.000234
bulle_basique,7000,constant,petite,0.065615
bulle_basique_v2,7000,constant,petite,0.032993
bulle_optimise,7000,constant,petite,0.000010
cocktail,7000,constant,petite,0.000020
selection,7000,constant,petite,0.032880
insertion,7000,constant,petite,0.000018
comptage,7000,constant,petite,0.000034
fusion,7000,constant,petite,0.000567
rapide,7000,constant,petite,0.054413
bulle_basique,7000,aleatoire,grande,0.104439
bulle_basique_v2,7000,aleatoire,grande,0.083228
bulle_optimise,7000,aleatoire,grande,0.070192
cocktail,7000,aleatoire,grande,0.058702
selection,7000,aleatoire,grande,0.033477
insertion,7000,aleatoire,grande,0.017352
comptage,7000,aleatoire,grande,0.002174
fusion,7000,aleatoire,grande,0.000987
rapide,7000,aleatoire,grande,0.000568
bulle_basique,7000,croissant,grande,0.065563
bulle_basique_v2,7000,croissant,grande,0.033589
bulle_optimise,7000,croissant,grande,0.000011
cocktail,7000,croissant,grande,0.000019
selection,7000,croissant,grande,0.039536
insertion,7000,croissant,grande,0.000017
comptage,7000,croissant,grande,0.000056
fusion,7000,croissant,grande,0.000686
rapide,7000,croissant,grande,0.000223
bulle_basique,7000,decroissant,grande,0.089894
bulle_basique_v2,7000,decroissant,grande,0.058819
bulle_optimise,7000,decroissant,grande,0.059291
cocktail,7000,decroissant,grande,0.056778
selection,7000,decroissant,grande,0.036954
insertion,7000,decroissant,grande,0.034397
comptage,7000,decroissant,grande,0.000048
fusion,7000,decroissant,grande,0.000563
rapide,7000,decroissant,grande,0.000244
bulle_basique,7000,constant,grande,0.065348
bulle_basique_v2,7000,constant,grande,0.032831
bulle_optimise,7000,constant,grande,0.000010
cocktail,7000,constant,grande,0.000020
selection,7000,constant,grande,0.032592
insertion,7000,constant,grande,0.000017
comptage,7000,constant,grande,0.001126
fusion,7000,constant,grande,0.000566
rapide,7000,constant,grande,0.054416
bulle_basique,9000,aleatoire,petite,0.180795
bulle_basique_v2,9000,aleatoire,petite,0.126928
bulle_optimise,9000,aleatoire,petite,0.128519
cocktail,9000,aleatoire,petite,0.102680
selection,9000,aleatoire,petite,0.054570
insertion,9000,aleatoire,petite,0.027317
comptage,9000,aleatoire,petite,0.000035
fusion,9000,aleatoire,petite,0.001057
rapide,9000,aleatoire,petite,0.004681
bulle_basique,9000,croissant,petite,0.108344
bulle_basique_v2,9000,croissant,petite,0.055051
bulle_optimise,9000,croissant,petite,0.000012
cocktail,9000,croissant,petite,0.000024
selection,9000,croissant,petite,0.054439
insertion,9000,croissant,petite,0.000023
comptage,9000,croissant,petite,0.000067
fusion,9000,croissant,petite,0.000749
rapide,9000,croissant,petite,0.000248
bulle_basique,9000,decroissant,petite,0.148073
bulle_basique_v2,9000,decroissant,petite,0.097984
bulle_optimise,9000,decroissant,petite,0.098025
cocktail,9000,decroissant,petite,0.093823
selection,9000,decroissant,petite,0.061458
insertion,9000,decroissant,petite,0.057293
comptage,9000,decroissant,petite,0.000069
fusion,9000,decroissant,petite,0.000745
rapide,9000,decroissant,petite,0.000316
bulle_basique,9000,constant,petite,0.118057
bulle_basique_v2,9000,constant,petite,0.056247
bulle_optimise,9000,constant,petite,0.000013
cocktail,9000,constant,petite,0.000025
selection,9000,constant,petite,0.054381
insertion,9000,constant,petite,0.000022
comptage,9000,constant,petite,0.000048
fusion,9000,constant,petite,0.000721
rapide,9000,constant,petite,0.091910
bulle_basique,9000,aleatoire,grande,0.182982
bulle_basique_v2,9000,aleatoire,grande,0.133727
bulle_optimise,9000,aleatoire,grande,0.129720
cocktail,9000,aleatoire,grande,0.103168
selection,9000,aleatoire,grande,0.054557
insertion,9000,aleatoire,grande,0.028440
comptage,9000,aleatoire,grande,0.002152
fusion,9000,aleatoire,grande,0.001287
rapide,9000,aleatoire,grande,0.000734
bulle_basique,9000,croissant,grande,0.108238
bulle_basique_v2,9000,croissant,grande,0.054378
bulle_optimise,9000,croissant,grande,0.000012
cocktail,9000,croissant,grande,0.000024
selection,9000,croissant,grande,0.053630
insertion,9000,croissant,grande,0.000021
comptage,9000,croissant,grande,0.000069
fusion,9000,croissant,grande,0.000774
rapide,9000,croissant,grande,0.000275
bulle_basique,9000,decroissant,grande,0.157327
bulle_basique_v2,9000,decroissant,grande,0.101092
bulle_optimise,9000,decroissant,grande,0.098826
cocktail,9000,decroissant,grande,0.097841
selection,9000,decroissant,grande,0.061920
insertion,9000,decroissant,grande,0.057353
comptage,9000,decroissant,grande,0.000068
fusion,9000,decroissant,grande,0.000776
rapide,9000,decroissant,grande,0.000319
bulle_basique,9000,constant,grande,0.108005
bulle_basique_v2,9000,constant,grande,0.055942
bulle_optimise,9000,constant,grande,0.000014
cocktail,9000,constant,grande,0.000024
selection,9000,constant,grande,0.057777
insertion,9000,constant,grande,0.000022
comptage,9000,constant,grande,0.001930
fusion,9000,constant,grande,0.001311
rapide,9000,constant,grande,0.112932
bulle_basique,11000,aleatoire,petite,0.269021
bulle_basique_v2,11000,aleatoire,petite,0.194000
bulle_optimise,11000,aleatoire,petite,0.192888
cocktail,11000,aleatoire,petite,0.159124
selection,11000,aleatoire,petite,0.079369
insertion,11000,aleatoire,petite,0.038972
comptage,11000,aleatoire,petite,0.000043
fusion,11000,aleatoire,petite,0.001238
rapide,11000,aleatoire,petite,0.006685
bulle_basique,11000,croissant,petite,0.155260
bulle_basique_v2,11000,croissant,petite,0.077881
bulle_optimise,11000,croissant,petite,0.000014
cocktail,11000,croissant,petite,0.000029
selection,11000,croissant,petite,0.077499
insertion,11000,croissant,petite,0.000025
comptage,11000,croissant,petite,0.000089
fusion,11000,croissant,petite,0.000851
rapide,11000,croissant,petite,0.000296
bulle_basique,11000,decroissant,petite,0.210016
bulle_basique_v2,11000,decroissant,petite,0.137824
bulle_optimise,11000,decroissant,petite,0.138612
cocktail,11000,decroissant,petite,0.133543
selection,11000,decroissant,petite,0.087064
insertion,11000,decroissant,petite,0.080988
comptage,11000,decroissant,petite,0.000075
fusion,11000,decroissant,petite,0.000890
rapide,11000,decroissant,petite,0.000372
bulle_basique,11000,constant,petite,0.154560
bulle_basique_v2,11000,constant,petite,0.077202
bulle_optimise,11000,constant,petite,0.000014
cocktail,11000,constant,petite,0.000028
selection,11000,constant,petite,0.077322
insertion,11000,constant,petite,0.000024
comptage,11000,constant,petite,0.000049
fusion,11000,constant,petite,0.001049
rapide,11000,constant,petite,0.126994
bulle_basique,11000,aleatoire,grande,0.265002
bulle_basique_v2,11000,aleatoire,grande,0.192216
bulle_optimise,11000,aleatoire,grande,0.188893
cocktail,11000,aleatoire,grande,0.150521
selection,11000,aleatoire,grande,0.078032
insertion,11000,aleatoire,grande,0.040610
comptage,11000,aleatoire,grande,0.002253
fusion,11000,aleatoire,grande,0.001519
rapide,11000,aleatoire,grande,0.000883
bulle_basique,11000,croissant,grande,0.158978
bulle_basique_v2,11000,croissant,grande,0.077810
bulle_optimise,11000,croissant,grande,0.000015
cocktail,11000,croissant,grande,0.000028
selection,11000,croissant,grande,0.077719
insertion,11000,croissant,grande,0.000026
comptage,11000,croissant,grande,0.000078
fusion,11000,croissant,grande,0.000870
rapide,11000,croissant,grande,0.000301
bulle_basique,11000,decroissant,grande,0.209598
bulle_basique_v2,11000,decroissant,grande,0.138036
bulle_optimise,11000,decroissant,grande,0.139230
cocktail,11000,decroissant,grande,0.133815
selection,11000,decroissant,grande,0.086987
insertion,11000,decroissant,grande,0.081097
comptage,11000,decroissant,grande,0.000088
fusion,11000,decroissant,grande,0.001095
rapide,11000,decroissant,grande,0.000371
bulle_basique,11000,constant,grande,0.154490
bulle_basique_v2,11000,constant,grande,0.077292
bulle_optimise,11000,constant,grande,0.000014
cocktail,11000,constant,grande,0.000028
selection,11000,constant,grande,0.077352
insertion,11000,constant,grande,0.000025
comptage,11000,constant,grande,0.001735
fusion,11000,constant,grande,0.000892
rapide,11000,constant,grande,0.127251
bulle_basique,13000,aleatoire,petite,0.377384
bulle_basique_v2,13000,aleatoire,petite,0.283053
bulle_optimise,13000,aleatoire,petite,0.271609
cocktail,13000,aleatoire,petite,0.215182
selection,13000,aleatoire,petite,0.108193
insertion,13000,aleatoire,petite,0.054130
comptage,13000,aleatoire,petite,0.000050
fusion,13000,aleatoire,petite,0.001651
rapide,13000,aleatoire,petite,0.012286
bulle_basique,13000,croissant,petite,0.237171
bulle_basique_v2,13000,croissant,petite,0.107871
bulle_optimise,13000,croissant,petite,0.000018
cocktail,13000,croissant,petite,0.000034
selection,13000,croissant,petite,0.107868
insertion,13000,croissant,petite,0.000029
comptage,13000,croissant,petite,0.000089
fusion,13000,croissant,petite,0.001128
rapide,13000,croissant,petite,0.000360
bulle_basique,13000,decroissant,petite,0.292540
bulle_basique_v2,13000,decroissant,petite,0.194835
bulle_optimise,13000,decroissant,petite,0.194895
cocktail,13000,decroissant,petite,0.189528
selection,13000,decroissant,petite,0.121730
insertion,13000,decroissant,petite,0.115538
comptage,13000,decroissant,petite,0.000086
fusion,13000,decroissant,petite,0.001054
rapide,13000,decroissant,petite,0.000472
bulle_basique,13000,constant,petite,0.229687
bulle_basique_v2,13000,constant,petite,0.108789
bulle_optimise,13000,constant,petite,0.000017
cocktail,13000,constant,petite,0.000034
selection,13000,constant,petite,0.108519
insertion,13000,constant,petite,0.000030
comptage,13000,constant,petite,0.000068
fusion,13000,constant,petite,0.001016
rapide,13000,constant,petite,0.177906
bulle_basique,13000,aleatoire,grande,0.394826
bulle_basique_v2,13000,aleatoire,grande,0.283867
bulle_optimise,13000,aleatoire,grande,0.284068
cocktail,13000,aleatoire,grande,0.217162
selection,13000,aleatoire,grande,0.109719
insertion,13000,aleatoire,grande,0.057855
comptage,13000,aleatoire,grande,0.002088
fusion,13000,aleatoire,grande,0.001865
rapide,13000,aleatoire,grande,0.001089
bulle_basique,13000,croissant,grande,0.216977
bulle_basique_v2,13000,croissant,grande,0.108837
bulle_optimise,13000,croissant,grande,0.000017
cocktail,13000,croissant,grande,0.000034
selection,13000,croissant,grande,0.117518
insertion,13000,croissant,grande,0.000031
comptage,13000,croissant,grande,0.000248
fusion,13000,croissant,grande,0.001445
rapide,13000,croissant,grande,0.000404
bulle_basique,13000,decroissant,grande,0.298423
bulle_basique_v2,13000,decroissant,grande,0.195139
bulle_optimise,13000,decroissant,grande,0.194661
cocktail,13000,decroissant,grande,0.187987
selection,13000,decroissant,grande,0.121744
insertion,13000,decroissant,grande,0.113594
comptage,13000,decroissant,grande,0.000089
fusion,13000,decroissant,grande,0.001396
rapide,13000,decroissant,grande,0.000444
bulle_basique,13000,constant,grande,0.220499
bulle_basique_v2,13000,constant,grande,0.108280
bulle_optimise,13000,constant,grande,0.000017
cocktail,13000,constant,grande,0.000056
selection,13000,constant,grande,0.107789
insertion,13000,constant,grande,0.000030
comptage,13000,constant,grande,0.001660
fusion,13000,constant,grande,0.001120
rapide,13000,constant,grande,0.178577
bulle_basique,15000,aleatoire,petite,0.520483
bulle_basique_v2,15000,aleatoire,petite,0.384426
bulle_optimise,15000,aleatoire,petite,0.379233
cocktail,15000,aleatoire,petite,0.289935
selection,15000,aleatoire,petite,0.144820
insertion,15000,aleatoire,petite,0.072265
comptage,15000,aleatoire,petite,0.000062
fusion,15000,aleatoire,petite,0.001820
rapide,15000,aleatoire,petite,0.012022
bulle_basique,15000,croissant,petite,0.290474
bulle_basique_v2,15000,croissant,petite,0.143692
bulle_optimise,15000,croissant,petite,0.000021
cocktail,15000,croissant,petite,0.000039
selection,15000,croissant,petite,0.144274
insertion,15000,croissant,petite,0.000034
comptage,15000,croissant,petite,0.000095
fusion,15000,croissant,petite,0.001229
rapide,15000,croissant,petite,0.000418
bulle_basique,15000,decroissant,petite,0.391689
bulle_basique_v2,15000,decroissant,petite,0.264976
bulle_optimise,15000,decroissant,petite,0.260563
cocktail,15000,decroissant,petite,0.249609
selection,15000,decroissant,petite,0.162671
insertion,15000,decroissant,petite,0.151569
comptage,15000,decroissant,petite,0.000114
fusion,15000,decroissant,petite,0.001246
rapide,15000,decroissant,petite,0.000508
bulle_basique,15000,constant,petite,0.289013
bulle_basique_v2,15000,constant,petite,0.144416
bulle_optimise,15000,constant,petite,0.000020
cocktail,15000,constant,petite,0.000039
selection,15000,constant,petite,0.144346
insertion,15000,constant,petite,0.000035
comptage,15000,constant,petite,0.000070
fusion,15000,constant,petite,0.001233
rapide,15000,constant,petite,0.237121
bulle_basique,15000,aleatoire,grande,0.520235
bulle_basique_v2,15000,aleatoire,grande,0.384371
bulle_optimise,15000,aleatoire,grande,0.380917
cocktail,15000,aleatoire,grande,0.287360
selection,15000,aleatoire,grande,0.145471
insertion,15000,aleatoire,grande,0.076327
comptage,15000,aleatoire,grande,0.002210
fusion,15000,aleatoire,grande,0.002122
rapide,15000,aleatoire,grande,0.001248
bulle_basique,15000,croissant,grande,0.288378
bulle_basique_v2,15000,croissant,grande,0.144243
bulle_optimise,15000,croissant,grande,0.000019
cocktail,15000,croissant,grande,0.000038
selection,15000,croissant,grande,0.144469
insertion,15000,croissant,grande,0.000033
comptage,15000,croissant,grande,0.000110
fusion,15000,croissant,grande,0.001349
rapide,15000,croissant,grande,0.000417
bulle_basique,15000,decroissant,grande,0.391148
bulle_basique_v2,15000,decroissant,grande,0.256974
bulle_optimise,15000,decroissant,grande,0.257909
cocktail,15000,decroissant,grande,0.248888
selection,15000,decroissant,grande,0.161669
insertion,15000,decroissant,grande,0.151217
comptage,15000,decroissant,grande,0.000090
fusion,15000,decroissant,grande,0.001458
rapide,15000,decroissant,grande,0.000508
bulle_basique,15000,constant,grande,0.287611
bulle_basique_v2,15000,constant,grande,0.143728
bulle_optimise,15000,constant,grande,0.000019
cocktail,15000,constant,grande,0.000038
selection,15000,constant,grande,0.143982
insertion,15000,constant,grande,0.000033
comptage,15000,constant,grande,0.000826
fusion,15000,constant,grande,0.001422
rapide,15000,constant,grande,0.236437
bulle_basique,17000,aleatoire,petite,0.672053
bulle_basique_v2,17000,aleatoire,petite,0.497790
bulle_optimise,17000,aleatoire,petite,0.500135
cocktail,17000,aleatoire,petite,0.378030
selection,17000,aleatoire,petite,0.187154
insertion,17000,aleatoire,petite,0.097016
comptage,17000,aleatoire,petite,0.000068
fusion,17000,aleatoire,petite,0.002027
rapide,17000,aleatoire,petite,0.015889
bulle_basique,17000,croissant,petite,0.379501
bulle_basique_v2,17000,croissant,petite,0.186806
bulle_optimise,17000,croissant,petite,0.000022
cocktail,17000,croissant,petite,0.000043
selection,17000,croissant,petite,0.184810
insertion,17000,croissant,petite,0.000039
comptage,17000,croissant,petite,0.000117
fusion,17000,croissant,petite,0.001384
rapide,17000,croissant,petite,0.000478
bulle_basique,17000,decroissant,petite,0.501885
bulle_basique_v2,17000,decroissant,petite,0.329300
bulle_optimise,17000,decroissant,petite,0.331563
cocktail,17000,decroissant,petite,0.319916
selection,17000,decroissant,petite,0.207921
insertion,17000,decroissant,petite,0.193336
comptage,17000,decroissant,petite,0.000118
fusion,17000,decroissant,petite,0.001413
rapide,17000,decroissant,petite,0.000578
bulle_basique,17000,constant,petite,0.369003
bulle_basique_v2,17000,constant,petite,0.184392
bulle_optimise,17000,constant,petite,0.000022
cocktail,17000,constant,petite,0.000044
selection,17000,constant,petite,0.184851
insertion,17000,constant,petite,0.000045
comptage,17000,constant,petite,0.000083
fusion,17000,constant,petite,0.001452
rapide,17000,constant,petite,0.303581
bulle_basique,17000,aleatoire,grande,0.679557
bulle_basique_v2,17000,aleatoire,grande,0.505882
bulle_optimise,17000,aleatoire,grande,0.506092
cocktail,17000,aleatoire,grande,0.385618
selection,17000,aleatoire,grande,0.188898
insertion,17000,aleatoire,grande,0.097907
comptage,17000,aleatoire,grande,0.002455
fusion,17000,aleatoire,grande,0.002707
rapide,17000,aleatoire,grande,0.001454
bulle_basique,17000,croissant,grande,0.382541
bulle_basique_v2,17000,croissant,grande,0.187577
bulle_optimise,17000,croissant,grande,0.000022
cocktail,17000,croissant,grande,0.000044
selection,17000,croissant,grande,0.186172
insertion,17000,croissant,grande,0.000038
comptage,17000,croissant,grande,0.000125
fusion,17000,croissant,grande,0.001390
rapide,17000,croissant,grande,0.000469
bulle_basique,17000,decroissant,grande,0.504545
bulle_basique_v2,17000,decroissant,grande,0.330258
bulle_optimise,17000,decroissant,grande,0.332301
cocktail,17000,decroissant,grande,0.320471
selection,17000,decroissant,grande,0.208731
insertion,17000,decroissant,grande,0.201413
comptage,17000,decroissant,grande,0.000117
fusion,17000,decroissant,grande,0.002844
rapide,17000,decroissant,grande,0.001331
bulle_basique,17000,constant,grande,0.389226
bulle_basique_v2,17000,constant,grande,0.185040
bulle_optimise,17000,constant,grande,0.000022
cocktail,17000,constant,grande,0.000043
selection,17000,constant,grande,0.184709
insertion,17000,constant,grande,0.000038
comptage,17000,constant,grande,0.001121
fusion,17000,constant,grande,0.001363
rapide,17000,constant,grande,0.303149
bulle_basique,19000,aleatoire,petite,0.854160
bulle_basique_v2,19000,aleatoire,petite,0.632430
bulle_optimise,19000,aleatoire,petite,0.630742
cocktail,19000,aleatoire,petite,0.474546
selection,19000,aleatoire,petite,0.231240
insertion,19000,aleatoire,petite,0.114590
comptage,19000,aleatoire,petite,0.000070
fusion,19000,aleatoire,petite,0.002249
rapide,19000,aleatoire,petite,0.018830
bulle_basique,19000,croissant,petite,0.460733
bulle_basique_v2,19000,croissant,petite,0.230706
bulle_optimise,19000,croissant,petite,0.000025
cocktail,19000,croissant,petite,0.000051
selection,19000,croissant,petite,0.230433
insertion,19000,croissant,petite,0.000043
comptage,19000,croissant,petite,0.000127
fusion,19000,croissant,petite,0.001543
rapide,19000,croissant,petite,0.000534
bulle_basique,19000,decroissant,petite,0.626500
bulle_basique_v2,19000,decroissant,petite,0.411428
bulle_optimise,19000,decroissant,petite,0.413895
cocktail,19000,decroissant,petite,0.398982
selection,19000,decroissant,petite,0.259599
insertion,19000,decroissant,petite,0.242245
comptage,19000,decroissant,petite,0.000129
fusion,19000,decroissant,petite,0.001584
rapide,19000,decroissant,petite,0.000652
bulle_basique,19000,constant,petite,0.460976
bulle_basique_v2,19000,constant,petite,0.230426
bulle_optimise,19000,constant,petite,0.000024
cocktail,19000,constant,petite,0.000050
selection,19000,constant,petite,0.230646
insertion,19000,constant,petite,0.000043
comptage,19000,constant,petite,0.000088
fusion,19000,constant,petite,0.001603
rapide,19000,constant,petite,0.378786
bulle_basique,19000,aleatoire,grande,0.857037
bulle_basique_v2,19000,aleatoire,grande,0.638158
bulle_optimise,19000,aleatoire,grande,0.645287
cocktail,19000,aleatoire,grande,0.469106
selection,19000,aleatoire,grande,0.235280
insertion,19000,aleatoire,grande,0.121989
comptage,19000,aleatoire,grande,0.002201
fusion,19000,aleatoire,grande,0.002813
rapide,19000,aleatoire,grande,0.001727
bulle_basique,19000,croissant,grande,0.463787
bulle_basique_v2,19000,croissant,grande,0.231275
bulle_optimise,19000,croissant,grande,0.000026
cocktail,19000,croissant,grande,0.000049
selection,19000,croissant,grande,0.237005
insertion,19000,croissant,grande,0.000043
comptage,19000,croissant,grande,0.000129
fusion,19000,croissant,grande,0.001541
rapide,19000,croissant,grande,0.000534
bulle_basique,19000,decroissant,grande,0.643250
bulle_basique_v2,19000,decroissant,grande,0.413064
bulle_optimise,19000,decroissant,grande,0.416039
cocktail,19000,decroissant,grande,0.414599
selection,19000,decroissant,grande,0.268235
insertion,19000,decroissant,grande,0.244207
comptage,19000,decroissant,grande,0.000124
fusion,19000,decroissant,grande,0.001592
rapide,19000,decroissant,grande,0.000693
bulle_basique,19000,constant,grande,0.463546
bulle_basique_v2,19000,constant,grande,0.232617
bulle_optimise,19000,constant,grande,0.000025
cocktail,19000,constant,grande,0.000049
selection,19000,constant,grande,0.232003
insertion,19000,constant,grande,0.000044
comptage,19000,constant,grande,0.001773
fusion,19000,constant,grande,0.001655
rapide,19000,constant,grande,0.381985
bulle_basique,21000,aleatoire,petite,1.066374
bulle_basique_v2,21000,aleatoire,petite,0.798799
bulle_optimise,21000,aleatoire,petite,0.791621
cocktail,21000,aleatoire,petite,0.593978
selection,21000,aleatoire,petite,0.284186
insertion,21000,aleatoire,petite,0.141794
comptage,21000,aleatoire,petite,0.000079
fusion,21000,aleatoire,petite,0.002427
rapide,21000,aleatoire,petite,0.023060
bulle_basique,21000,croissant,petite,0.567148
bulle_basique_v2,21000,croissant,petite,0.283862
bulle_optimise,21000,croissant,petite,0.000027
cocktail,21000,croissant,petite,0.000055
selection,21000,croissant,petite,0.283635
insertion,21000,croissant,petite,0.000048
comptage,21000,croissant,petite,0.000146
fusion,21000,croissant,petite,0.001725
rapide,21000,croissant,petite,0.000599
bulle_basique,21000,decroissant,petite,0.768679
bulle_basique_v2,21000,decroissant,petite,0.505108
bulle_optimise,21000,decroissant,petite,0.509271
cocktail,21000,decroissant,petite,0.503857
selection,21000,decroissant,petite,0.321085
insertion,21000,decroissant,petite,0.300742
comptage,21000,decroissant,petite,0.000129
fusion,21000,decroissant,petite,0.001706
rapide,21000,decroissant,petite,0.000732
bulle_basique,21000,constant,petite,0.569799
bulle_basique_v2,21000,constant,petite,0.284979
bulle_optimise,21000,constant,petite,0.000033
cocktail,21000,constant,petite,0.000055
selection,21000,constant,petite,0.284398
insertion,21000,constant,petite,0.000048
comptage,21000,constant,petite,0.000096
fusion,21000,constant,petite,0.001676
rapide,21000,constant,petite,0.464685
bulle_basique,21000,aleatoire,grande,1.064105
bulle_basique_v2,21000,aleatoire,grande,0.797359
bulle_optimise,21000,aleatoire,grande,0.795327
cocktail,21000,aleatoire,grande,0.584307
selection,21000,aleatoire,grande,0.284181
insertion,21000,aleatoire,grande,0.149412
comptage,21000,aleatoire,grande,0.002276
fusion,21000,aleatoire,grande,0.003024
rapide,21000,aleatoire,grande,0.001811
bulle_basique,21000,croissant,grande,0.567231
bulle_basique_v2,21000,croissant,grande,0.283768
bulle_optimise,21000,croissant,grande,0.000028
cocktail,21000,croissant,grande,0.000054
selection,21000,croissant,grande,0.283651
insertion,21000,croissant,grande,0.000047
comptage,21000,croissant,grande,0.000163
fusion,21000,croissant,grande,0.001851
rapide,21000,croissant,grande,0.000614
bulle_basique,21000,decroissant,grande,0.770011
bulle_basique_v2,21000,decroissant,grande,0.504078
bulle_optimise,21000,decroissant,grande,0.521412
cocktail,21000,decroissant,grande,0.492661
selection,21000,decroissant,grande,0.318581
insertion,21000,decroissant,grande,0.295503
comptage,21000,decroissant,grande,0.000137
fusion,21000,decroissant,grande,0.001728
rapide,21000,decroissant,grande,0.000758
bulle_basique,21000,constant,grande,0.567126
bulle_basique_v2,21000,constant,grande,0.285212
bulle_optimise,21000,constant,grande,0.000027
cocktail,21000,constant,grande,0.000054
selection,21000,constant,grande,0.305812
insertion,21000,constant,grande,0.000048
comptage,21000,constant,grande,0.000544
fusion,21000,constant,grande,0.001801
rapide,21000,constant,grande,0.470624
bulle_basique,23000,aleatoire,petite,1.282181
bulle_basique_v2,23000,aleatoire,petite,0.957335
bulle_optimise,23000,aleatoire,petite,0.944974
cocktail,23000,aleatoire,petite,0.716853
selection,23000,aleatoire,petite,0.339786
insertion,23000,aleatoire,petite,0.170411
comptage,23000,aleatoire,petite,0.000090
fusion,23000,aleatoire,petite,0.002641
rapide,23000,aleatoire,petite,0.027474
bulle_basique,23000,croissant,petite,0.680702
bulle_basique_v2,23000,croissant,petite,0.345230
bulle_optimise,23000,croissant,petite,0.000032
cocktail,23000,croissant,petite,0.000062
selection,23000,croissant,petite,0.339587
insertion,23000,croissant,petite,0.000052
comptage,23000,croissant,petite,0.000157
fusion,23000,croissant,petite,0.001928
rapide,23000,croissant,petite,0.000677
bulle_basique,23000,decroissant,petite,0.932216
bulle_basique_v2,23000,decroissant,petite,0.608255
bulle_optimise,23000,decroissant,petite,0.629683
cocktail,23000,decroissant,petite,0.593362
selection,23000,decroissant,petite,0.382834
insertion,23000,decroissant,petite,0.356406
comptage,23000,decroissant,petite,0.000152
fusion,23000,decroissant,petite,0.001873
rapide,23000,decroissant,petite,0.000802
bulle_basique,23000,constant,petite,0.681339
bulle_basique_v2,23000,constant,petite,0.340043
bulle_optimise,23000,constant,petite,0.000030
cocktail,23000,constant,petite,0.000059
selection,23000,constant,petite,0.339646
insertion,23000,constant,petite,0.000052
comptage,23000,constant,petite,0.000115
fusion,23000,constant,petite,0.001945
rapide,23000,constant,petite,0.562322
bulle_basique,23000,aleatoire,grande,1.290789
bulle_basique_v2,23000,aleatoire,grande,0.967539
bulle_optimise,23000,aleatoire,grande,0.959790
cocktail,23000,aleatoire,grande,0.697115
selection,23000,aleatoire,grande,0.348827
insertion,23000,aleatoire,grande,0.180182
comptage,23000,aleatoire,grande,0.002665
fusion,23000,aleatoire,grande,0.003484
rapide,23000,aleatoire,grande,0.002042
bulle_basique,23000,croissant,grande,0.679436
bulle_basique_v2,23000,croissant,grande,0.341574
bulle_optimise,23000,croissant,grande,0.000030
cocktail,23000,croissant,grande,0.000059
selection,23000,croissant,grande,0.338559
insertion,23000,croissant,grande,0.000052
comptage,23000,croissant,grande,0.000177
fusion,23000,croissant,grande,0.002160
rapide,23000,croissant,grande,0.000728
bulle_basique,23000,decroissant,grande,0.919915
bulle_basique_v2,23000,decroissant,grande,0.608026
bulle_optimise,23000,decroissant,grande,0.608289
cocktail,23000,decroissant,grande,0.588076
selection,23000,decroissant,grande,0.382193
insertion,23000,decroissant,grande,0.355498
comptage,23000,decroissant,grande,0.000148
fusion,23000,decroissant,grande,0.001913
rapide,23000,decroissant,grande,0.000839
bulle_basique,23000,constant,grande,0.678137
bulle_basique_v2,23000,constant,grande,0.341704
bulle_optimise,23000,constant,grande,0.000029
cocktail,23000,constant,grande,0.000059
selection,23000,constant,grande,0.340481
insertion,23000,constant,grande,0.000052
comptage,23000,constant,grande,0.001290
fusion,23000,constant,grande,0.001871
rapide,23000,constant,grande,0.556884
bulle_basique,25000,aleatoire,petite,1.524767
bulle_basique_v2,25000,aleatoire,petite,1.132317
bulle_optimise,25000,aleatoire,petite,1.121561
cocktail,25000,aleatoire,petite,0.831170
selection,25000,aleatoire,petite,0.401299
insertion,25000,aleatoire,petite,0.199996
comptage,25000,aleatoire,petite,0.000099
fusion,25000,aleatoire,petite,0.002909
rapide,25000,aleatoire,petite,0.032950
bulle_basique,25000,croissant,petite,0.815648
bulle_basique_v2,25000,croissant,petite,0.403042
bulle_optimise,25000,croissant,petite,0.000032
cocktail,25000,croissant,petite,0.000065
selection,25000,croissant,petite,0.401904
insertion,25000,croissant,petite,0.000056
comptage,25000,croissant,petite,0.000164
fusion,25000,croissant,petite,0.002060
rapide,25000,croissant,petite,0.000735
bulle_basique,25000,decroissant,petite,1.106917
bulle_basique_v2,25000,decroissant,petite,0.738283
bulle_optimise,25000,decroissant,petite,0.720431
cocktail,25000,decroissant,petite,0.692910
selection,25000,decroissant,petite,0.450638
insertion,25000,decroissant,petite,0.421762
comptage,25000,decroissant,petite,0.000220
fusion,25000,decroissant,petite,0.002112
rapide,25000,decroissant,petite,0.000877
bulle_basique,25000,constant,petite,0.823456
bulle_basique_v2,25000,constant,petite,0.402338
bulle_optimise,25000,constant,petite,0.000032
cocktail,25000,constant,petite,0.000064
selection,25000,constant,petite,0.410294
insertion,25000,constant,petite,0.000056
comptage,25000,constant,petite,0.000112
fusion,25000,constant,petite,0.002041
rapide,25000,constant,petite,0.658963
bulle_basique,25000,aleatoire,grande,1.551755
bulle_basique_v2,25000,aleatoire,grande,1.173678
bulle_optimise,25000,aleatoire,grande,1.139523
cocktail,25000,aleatoire,grande,0.827485
selection,25000,aleatoire,grande,0.410450
insertion,25000,aleatoire,grande,0.215346
comptage,25000,aleatoire,grande,0.002523
fusion,25000,aleatoire,grande,0.003866
rapide,25000,aleatoire,grande,0.002318
bulle_basique,25000,croissant,grande,0.808263
bulle_basique_v2,25000,croissant,grande,0.400915
bulle_optimise,25000,croissant,grande,0.000032
cocktail,25000,croissant,grande,0.000065
selection,25000,croissant,grande,0.399685
insertion,25000,croissant,grande,0.000061
comptage,25000,croissant,grande,0.000174
fusion,25000,croissant,grande,0.002136
rapide,25000,croissant,grande,0.000741
bulle_basique,25000,decroissant,grande,1.085754
bulle_basique_v2,25000,decroissant,grande,0.738326
bulle_optimise,25000,decroissant,grande,0.721930
cocktail,25000,decroissant,grande,0.697596
selection,25000,decroissant,grande,0.452685
insertion,25000,decroissant,grande,0.423017
comptage,25000,decroissant,grande,0.000158
fusion,25000,decroissant,grande,0.002059
rapide,25000,decroissant,grande,0.000877
bulle_basique,25000,constant,grande,0.807917
bulle_basique_v2,25000,constant,grande,0.404597
bulle_optimise,25000,constant,grande,0.000033
cocktail,25000,constant,grande,0.000065
selection,25000,constant,grande,0.404416
insertion,25000,constant,grande,0.000056
comptage,25000,constant,grande,0.000309
fusion,25000,constant,grande,0.002075
rapide,25000,constant,grande,0.664244
bulle_basique,27000,aleatoire,petite,1.796124
bulle_basique_v2,27000,aleatoire,petite,1.363293
bulle_optimise,27000,aleatoire,petite,1.341983
cocktail,27000,aleatoire,petite,0.982495
selection,27000,aleatoire,petite,0.469086
insertion,27000,aleatoire,petite,0.234200
comptage,27000,aleatoire,petite,0.000120
fusion,27000,aleatoire,petite,0.003315
rapide,27000,aleatoire,petite,0.037688
bulle_basique,27000,croissant,petite,0.935352
bulle_basique_v2,27000,croissant,petite,0.469183
bulle_optimise,27000,croissant,petite,0.000035
cocktail,27000,croissant,petite,0.000069
selection,27000,croissant,petite,0.468247
insertion,27000,croissant,petite,0.000062
comptage,27000,croissant,petite,0.000172
fusion,27000,croissant,petite,0.002202
rapide,27000,croissant,petite,0.000789
bulle_basique,27000,decroissant,petite,1.284842
bulle_basique_v2,27000,decroissant,petite,0.837197
bulle_optimise,27000,decroissant,petite,0.844673
cocktail,27000,decroissant,petite,0.830314
selection,27000,decroissant,petite,0.531061
insertion,27000,decroissant,petite,0.497047
comptage,27000,decroissant,petite,0.000182
fusion,27000,decroissant,petite,0.002307
rapide,27000,decroissant,petite,0.000941
bulle_basique,27000,constant,petite,0.942394
bulle_basique_v2,27000,constant,petite,0.469716
bulle_optimise,27000,constant,petite,0.000035
cocktail,27000,constant,petite,0.000070
selection,27000,constant,petite,0.471700
insertion,27000,constant,petite,0.000062
comptage,27000,constant,petite,0.000124
fusion,27000,constant,petite,0.002230
rapide,27000,constant,petite,0.772897
bulle_basique,27000,aleatoire,grande,1.794005
bulle_basique_v2,27000,aleatoire,grande,1.366248
bulle_optimise,27000,aleatoire,grande,1.339077
cocktail,27000,aleatoire,grande,0.965679
selection,27000,aleatoire,grande,0.470008
insertion,27000,aleatoire,grande,0.244853
comptage,27000,aleatoire,grande,0.002512
fusion,27000,aleatoire,grande,0.004233
rapide,27000,aleatoire,grande,0.002370
bulle_basique,27000,croissant,grande,0.936429
bulle_basique_v2,27000,croissant,grande,0.470860
bulle_optimise,27000,croissant,grande,0.000035
cocktail,27000,croissant,grande,0.000070
selection,27000,croissant,grande,0.471409
insertion,27000,croissant,grande,0.000062
comptage,27000,croissant,grande,0.000175
fusion,27000,croissant,grande,0.002452
rapide,27000,croissant,grande,0.000789
bulle_basique,27000,decroissant,grande,1.274289
bulle_basique_v2,27000,decroissant,grande,0.830300
bulle_optimise,27000,decroissant,grande,0.835176
cocktail,27000,decroissant,grande,0.804986
selection,27000,decroissant,grande,0.527651
insertion,27000,decroissant,grande,0.508533
comptage,27000,decroissant,grande,0.000173
fusion,27000,decroissant,grande,0.002290
rapide,27000,decroissant,grande,0.000961
bulle_basique,27000,constant,grande,0.951795
bulle_basique_v2,27000,constant,grande,0.476346
bulle_optimise,27000,constant,grande,0.000035
cocktail,27000,constant,grande,0.000070
selection,27000,constant,grande,0.470700
insertion,27000,constant,grande,0.000061
comptage,27000,constant,grande,0.001421
fusion,27000,constant,grande,0.002452
rapide,27000,constant,grande,0.770466
bulle_basique,29000,aleatoire,petite,2.076776
bulle_basique_v2,29000,aleatoire,petite,1.559716
bulle_optimise,29000,aleatoire,petite,1.538426
cocktail,29000,aleatoire,petite,1.134566
selection,29000,aleatoire,petite,0.561332
insertion,29000,aleatoire,petite,0.271643
comptage,29000,aleatoire,petite,0.000172
fusion,29000,aleatoire,petite,0.003522
rapide,29000,aleatoire,petite,0.044338
bulle_basique,29000,croissant,petite,1.088503
bulle_basique_v2,29000,croissant,petite,0.542388
bulle_optimise,29000,croissant,petite,0.000037
cocktail,29000,croissant,petite,0.000074
selection,29000,croissant,petite,0.540400
insertion,29000,croissant,petite,0.000065
comptage,29000,croissant,petite,0.000187
fusion,29000,croissant,petite,0.002493
rapide,29000,croissant,petite,0.000862
bulle_basique,29000,decroissant,petite,1.462248
bulle_basique_v2,29000,decroissant,petite,0.959925
bulle_optimise,29000,decroissant,petite,0.963733
cocktail,29000,decroissant,petite,0.929888
selection,29000,decroissant,petite,0.605518
insertion,29000,decroissant,petite,0.583709
comptage,29000,decroissant,petite,0.000176
fusion,29000,decroissant,petite,0.002506
rapide,29000,decroissant,petite,0.001011
bulle_basique,29000,constant,petite,1.086019
bulle_basique_v2,29000,constant,petite,0.543935
bulle_optimise,29000,constant,petite,0.000037
cocktail,29000,constant,petite,0.000085
selection,29000,constant,petite,0.544392
insertion,29000,constant,petite,0.000066
comptage,29000,constant,petite,0.000131
fusion,29000,constant,petite,0.002356
rapide,29000,constant,petite,0.883580
bulle_basique,29000,aleatoire,grande,2.075600
bulle_basique_v2,29000,aleatoire,grande,1.563106
bulle_optimise,29000,aleatoire,grande,1.549324
cocktail,29000,aleatoire,grande,1.103576
selection,29000,aleatoire,grande,0.539291
insertion,29000,aleatoire,grande,0.280333
comptage,29000,aleatoire,grande,0.002640
fusion,29000,aleatoire,grande,0.004430
rapide,29000,aleatoire,grande,0.002538
bulle_basique,29000,croissant,grande,1.073593
bulle_basique_v2,29000,croissant,grande,0.537007
bulle_optimise,29000,croissant,grande,0.000038
cocktail,29000,croissant,grande,0.000075
selection,29000,croissant,grande,0.541030
insertion,29000,croissant,grande,0.000067
comptage,29000,croissant,grande,0.000199
fusion,29000,croissant,grande,0.002376
rapide,29000,croissant,grande,0.000876
bulle_basique,29000,decroissant,grande,1.526289
bulle_basique_v2,29000,decroissant,grande,0.970928
bulle_optimise,29000,decroissant,grande,0.985270
cocktail,29000,decroissant,grande,0.939337
selection,29000,decroissant,grande,0.609156
insertion,29000,decroissant,grande,0.563592
comptage,29000,decroissant,grande,0.000174
fusion,29000,decroissant,grande,0.002425
rapide,29000,decroissant,grande,0.001011
bulle_basique,29000,constant,grande,1.090021
bulle_basique_v2,29000,constant,grande,0.543595
bulle_optimise,29000,constant,grande,0.000038
cocktail,29000,constant,grande,0.000074
selection,29000,constant,grande,0.542143
insertion,29000,constant,grande,0.000069
comptage,29000,constant,grande,0.001623
fusion,29000,constant,grande,0.002509
rapide,29000,constant,grande,0.894734
bulle_basique,31000,aleatoire,petite,2.386279
bulle_basique_v2,31000,aleatoire,petite,1.799052
bulle_optimise,31000,aleatoire,petite,1.800248
cocktail,31000,aleatoire,petite,1.320577
selection,31000,aleatoire,petite,0.621684
insertion,31000,aleatoire,petite,0.312540
comptage,31000,aleatoire,petite,0.000115
fusion,31000,aleatoire,petite,0.003684
rapide,31000,aleatoire,petite,0.049951
bulle_basique,31000,croissant,petite,1.234056
bulle_basique_v2,31000,croissant,petite,0.620059
bulle_optimise,31000,croissant,petite,0.000039
cocktail,31000,croissant,petite,0.000080
selection,31000,croissant,petite,0.617420
insertion,31000,croissant,petite,0.000070
comptage,31000,croissant,petite,0.000204
fusion,31000,croissant,petite,0.002545
rapide,31000,croissant,petite,0.000923
bulle_basique,31000,decroissant,petite,1.680376
bulle_basique_v2,31000,decroissant,petite,1.105101
bulle_optimise,31000,decroissant,petite,1.166695
cocktail,31000,decroissant,petite,1.221599
selection,31000,decroissant,petite,0.709483
insertion,31000,decroissant,petite,0.659622
comptage,31000,decroissant,petite,0.000211
fusion,31000,decroissant,petite,0.002793
rapide,31000,decroissant,petite,0.001118
bulle_basique,31000,constant,petite,1.270586
bulle_basique_v2,31000,constant,petite,0.623494
bulle_optimise,31000,constant,petite,0.000040
cocktail,31000,constant,petite,0.000079
selection,31000,constant,petite,0.617310
insertion,31000,constant,petite,0.000071
comptage,31000,constant,petite,0.000143
fusion,31000,constant,petite,0.002600
rapide,31000,constant,petite,1.012240
bulle_basique,31000,aleatoire,grande,2.393330
bulle_basique_v2,31000,aleatoire,grande,1.800287
bulle_optimise,31000,aleatoire,grande,1.804845
cocktail,31000,aleatoire,grande,1.287544
selection,31000,aleatoire,grande,0.625174
insertion,31000,aleatoire,grande,0.322755
comptage,31000,aleatoire,grande,0.002856
fusion,31000,aleatoire,grande,0.004942
rapide,31000,aleatoire,grande,0.002754
bulle_basique,31000,croissant,grande,1.252297
bulle_basique_v2,31000,croissant,grande,0.621278
bulle_optimise,31000,croissant,grande,0.000041
cocktail,31000,croissant,grande,0.000081
selection,31000,croissant,grande,0.625212
insertion,31000,croissant,grande,0.000069
comptage,31000,croissant,grande,0.000208
fusion,31000,croissant,grande,0.002623
rapide,31000,croissant,grande,0.000906
bulle_basique,31000,decroissant,grande,1.695257
bulle_basique_v2,31000,decroissant,grande,1.104856
bulle_optimise,31000,decroissant,grande,1.119884
cocktail,31000,decroissant,grande,1.079570
selection,31000,decroissant,grande,0.700482
insertion,31000,decroissant,grande,0.660261
comptage,31000,decroissant,grande,0.000230
fusion,31000,decroissant,grande,0.002695
rapide,31000,decroissant,grande,0.001101
bulle_basique,31000,constant,grande,1.244111
bulle_basique_v2,31000,constant,grande,0.622477
bulle_optimise,31000,constant,grande,0.000041
cocktail,31000,constant,grande,0.000081
selection,31000,constant,grande,0.623153
insertion,31000,constant,grande,0.000070
comptage,31000,constant,grande,0.000312
fusion,31000,constant,grande,0.002590
rapide,31000,constant,grande,1.022833
bulle_basique,33000,aleatoire,petite,2.742123
bulle_basique_v2,33000,aleatoire,petite,2.072287
bulle_optimise,33000,aleatoire,petite,2.015332
cocktail,33000,aleatoire,petite,1.503600
selection,33000,aleatoire,petite,0.698456
insertion,33000,aleatoire,petite,0.350981
comptage,33000,aleatoire,petite,0.000145
fusion,33000,aleatoire,petite,0.003950
rapide,33000,aleatoire,petite,0.056725
bulle_basique,33000,croissant,petite,1.411392
bulle_basique_v2,33000,croissant,petite,0.695935
bulle_optimise,33000,croissant,petite,0.000042
cocktail,33000,croissant,petite,0.000084
selection,33000,croissant,petite,0.698556
insertion,33000,croissant,petite,0.000074
comptage,33000,croissant,petite,0.000227
fusion,33000,croissant,petite,0.002729
rapide,33000,croissant,petite,0.000945
bulle_basique,33000,decroissant,petite,1.915724
bulle_basique_v2,33000,decroissant,petite,1.330350
bulle_optimise,33000,decroissant,petite,1.278636
cocktail,33000,decroissant,petite,1.222764
selection,33000,decroissant,petite,0.792051
insertion,33000,decroissant,petite,0.737449
comptage,33000,decroissant,petite,0.000234
fusion,33000,decroissant,petite,0.002772
rapide,33000,decroissant,petite,0.001162
bulle_basique,33000,constant,petite,1.390465
bulle_basique_v2,33000,constant,petite,0.694985
bulle_optimise,33000,constant,petite,0.000042
cocktail,33000,constant,petite,0.000084
selection,33000,constant,petite,0.708905
insertion,33000,constant,petite,0.000075
comptage,33000,constant,petite,0.000159
fusion,33000,constant,petite,0.002770
rapide,33000,constant,petite,1.152571
bulle_basique,33000,aleatoire,grande,2.735625
bulle_basique_v2,33000,aleatoire,grande,2.034591
bulle_optimise,33000,aleatoire,grande,2.048222
cocktail,33000,aleatoire,grande,1.502373
selection,33000,aleatoire,grande,0.710298
insertion,33000,aleatoire,grande,0.368613
comptage,33000,aleatoire,grande,0.002688
fusion,33000,aleatoire,grande,0.005373
rapide,33000,aleatoire,grande,0.002960
bulle_basique,33000,croissant,grande,1.402149
bulle_basique_v2,33000,croissant,grande,0.710990
bulle_optimise,33000,croissant,grande,0.000042
cocktail,33000,croissant,grande,0.000085
selection,33000,croissant,grande,0.721202
insertion,33000,croissant,grande,0.000073
comptage,33000,croissant,grande,0.000226
fusion,33000,croissant,grande,0.002731
rapide,33000,croissant,grande,0.000955
bulle_basique,33000,decroissant,grande,1.920027
bulle_basique_v2,33000,decroissant,grande,1.252526
bulle_optimise,33000,decroissant,grande,1.289484
cocktail,33000,decroissant,grande,1.235241
selection,33000,decroissant,grande,0.784776
insertion,33000,decroissant,grande,0.734068
comptage,33000,decroissant,grande,0.000209
fusion,33000,decroissant,grande,0.002759
rapide,33000,decroissant,grande,0.001175
bulle_basique,33000,constant,grande,1.416623
bulle_basique_v2,33000,constant,grande,0.696716
bulle_optimise,33000,constant,grande,0.000043
cocktail,33000,constant,grande,0.000085
selection,33000,constant,grande,0.697458
insertion,33000,constant,grande,0.000075
comptage,33000,constant,grande,0.001285
fusion,33000,constant,grande,0.002684
rapide,33000,constant,grande,1.152973
bulle_basique,35000,aleatoire,petite,3.175924
bulle_basique_v2,35000,aleatoire,petite,2.343396
bulle_optimise,35000,aleatoire,petite,2.355325
cocktail,35000,aleatoire,petite,1.733046
selection,35000,aleatoire,petite,0.797844
insertion,35000,aleatoire,petite,0.398925
comptage,35000,aleatoire,petite,0.000154
fusion,35000,aleatoire,petite,0.004168
rapide,35000,aleatoire,petite,0.063316
bulle_basique,35000,croissant,petite,1.604015
bulle_basique_v2,35000,croissant,petite,0.822805
bulle_optimise,35000,croissant,petite,0.000045
cocktail,35000,croissant,petite,0.000090
selection,35000,croissant,petite,0.798195
insertion,35000,croissant,petite,0.000083
comptage,35000,croissant,petite,0.000291
fusion,35000,croissant,petite,0.003450
rapide,35000,croissant,petite,0.001026
bulle_basique,35000,decroissant,petite,2.168992
bulle_basique_v2,35000,decroissant,petite,1.465133
bulle_optimise,35000,decroissant,petite,1.413684
cocktail,35000,decroissant,petite,1.363459
selection,35000,decroissant,petite,0.890268
insertion,35000,decroissant,petite,0.839710
comptage,35000,decroissant,petite,0.000239
fusion,35000,decroissant,petite,0.003048
rapide,35000,decroissant,petite,0.001261
bulle_basique,35000,constant,petite,1.580203
bulle_basique_v2,35000,constant,petite,0.781390
bulle_optimise,35000,constant,petite,0.000045
cocktail,35000,constant,petite,0.000089
selection,35000,constant,petite,0.781634
insertion,35000,constant,petite,0.000078
comptage,35000,constant,petite,0.000174
fusion,35000,constant,petite,0.003128
rapide,35000,constant,petite,1.309482
bulle_basique,35000,aleatoire,grande,3.161854
bulle_basique_v2,35000,aleatoire,grande,2.311413
bulle_optimise,35000,aleatoire,grande,2.292734
cocktail,35000,aleatoire,grande,1.610826
selection,35000,aleatoire,grande,0.784817
insertion,35000,aleatoire,grande,0.410143
comptage,35000,aleatoire,grande,0.002661
fusion,35000,aleatoire,grande,0.005440
rapide,35000,aleatoire,grande,0.003107
bulle_basique,35000,croissant,grande,1.563994
bulle_basique_v2,35000,croissant,grande,0.782462
bulle_optimise,35000,croissant,grande,0.000044
cocktail,35000,croissant,grande,0.000089
selection,35000,croissant,grande,0.782336
insertion,35000,croissant,grande,0.000079
comptage,35000,croissant,grande,0.000279
fusion,35000,croissant,grande,0.003618
rapide,35000,croissant,grande,0.001022
bulle_basique,35000,decroissant,grande,2.239556
bulle_basique_v2,35000,decroissant,grande,1.397197
bulle_optimise,35000,decroissant,grande,1.404139
cocktail,35000,decroissant,grande,1.352841
selection,35000,decroissant,grande,0.880475
insertion,35000,decroissant,grande,0.821161
comptage,35000,decroissant,grande,0.000255
fusion,35000,decroissant,grande,0.003469
rapide,35000,decroissant,grande,0.001246
bulle_basique,35000,constant,grande,1.562534
bulle_basique_v2,35000,constant,grande,0.783443
bulle_optimise,35000,constant,grande,0.000045
cocktail,35000,constant,grande,0.000090
selection,35000,constant,grande,0.781972
insertion,35000,constant,grande,0.000079
comptage,35000,constant,grande,0.000931
fusion,35000,constant,grande,0.003487
rapide,35000,constant,grande,1.285937
bulle_basique,37000,aleatoire,petite,3.406146
bulle_basique_v2,37000,aleatoire,petite,2.573529
bulle_optimise,37000,aleatoire,petite,2.551036
cocktail,37000,aleatoire,petite,1.828402
selection,37000,aleatoire,petite,0.874504
insertion,37000,aleatoire,petite,0.437337
comptage,37000,aleatoire,petite,0.000175
fusion,37000,aleatoire,petite,0.004854
rapide,37000,aleatoire,petite,0.070000
bulle_basique,37000,croissant,petite,1.747752
bulle_basique_v2,37000,croissant,petite,0.874029
bulle_optimise,37000,croissant,petite,0.000048
cocktail,37000,croissant,petite,0.000094
selection,37000,croissant,petite,0.874085
insertion,37000,croissant,petite,0.000082
comptage,37000,croissant,petite,0.000280
fusion,37000,croissant,petite,0.003224
rapide,37000,croissant,petite,0.001083
bulle_basique,37000,decroissant,petite,2.411867
bulle_basique_v2,37000,decroissant,petite,1.565719
bulle_optimise,37000,decroissant,petite,1.572852
cocktail,37000,decroissant,petite,1.513340
selection,37000,decroissant,petite,0.982946
insertion,37000,decroissant,petite,0.920872
comptage,37000,decroissant,petite,0.000260
fusion,37000,decroissant,petite,0.003736
rapide,37000,decroissant,petite,0.001331
bulle_basique,37000,constant,petite,1.747788
bulle_basique_v2,37000,constant,petite,0.874037
bulle_optimise,37000,constant,petite,0.000048
cocktail,37000,constant,petite,0.000095
selection,37000,constant,petite,0.874205
insertion,37000,constant,petite,0.000083
comptage,37000,constant,petite,0.000207
fusion,37000,constant,petite,0.003775
rapide,37000,constant,petite,1.438737
bulle_basique,37000,aleatoire,grande,3.433868
bulle_basique_v2,37000,aleatoire,grande,2.587927
bulle_optimise,37000,aleatoire,grande,2.587454
cocktail,37000,aleatoire,grande,1.815305
selection,37000,aleatoire,grande,0.876869
insertion,37000,aleatoire,grande,0.462077
comptage,37000,aleatoire,grande,0.002902
fusion,37000,aleatoire,grande,0.005905
rapide,37000,aleatoire,grande,0.003339
bulle_basique,37000,croissant,grande,1.784813
bulle_basique_v2,37000,croissant,grande,0.891618
bulle_optimise,37000,croissant,grande,0.000047
cocktail,37000,croissant,grande,0.000094
selection,37000,croissant,grande,0.892681
insertion,37000,croissant,grande,0.000082
comptage,37000,croissant,grande,0.000232
fusion,37000,croissant,grande,0.003200
rapide,37000,croissant,grande,0.001100
bulle_basique,37000,decroissant,grande,2.440953
bulle_basique_v2,37000,decroissant,grande,1.570459
bulle_optimise,37000,decroissant,grande,1.570544
cocktail,37000,decroissant,grande,1.512387
selection,37000,decroissant,grande,0.982995
insertion,37000,decroissant,grande,0.920456
comptage,37000,decroissant,grande,0.000241
fusion,37000,decroissant,grande,0.003229
rapide,37000,decroissant,grande,0.001321
bulle_basique,37000,constant,grande,1.747394
bulle_basique_v2,37000,constant,grande,0.876616
bulle_optimise,37000,constant,grande,0.000048
cocktail,37000,constant,grande,0.000095
selection,37000,constant,grande,0.873195
insertion,37000,constant,grande,0.000083
comptage,37000,constant,grande,0.001798
fusion,37000,constant,grande,0.003505
rapide,37000,constant,grande,1.438642
bulle_basique,39000,aleatoire,petite,3.811210
bulle_basique_v2,39000,aleatoire,petite,2.857989
bulle_optimise,39000,aleatoire,petite,2.837213
cocktail,39000,aleatoire,petite,2.047493
selection,39000,aleatoire,petite,0.972168
insertion,39000,aleatoire,petite,0.487797
comptage,39000,aleatoire,petite,0.000170
fusion,39000,aleatoire,petite,0.005013
rapide,39000,aleatoire,petite,0.077682
bulle_basique,39000,croissant,petite,1.979967
bulle_basique_v2,39000,croissant,petite,0.983409
bulle_optimise,39000,croissant,petite,0.000052
cocktail,39000,croissant,petite,0.000104
selection,39000,croissant,petite,1.101836
insertion,39000,croissant,petite,0.000088
comptage,39000,croissant,petite,0.000248
fusion,39000,croissant,petite,0.003364
rapide,39000,croissant,petite,0.001174
bulle_basique,39000,decroissant,petite,2.700365
bulle_basique_v2,39000,decroissant,petite,1.758074
bulle_optimise,39000,decroissant,petite,1.776352
cocktail,39000,decroissant,petite,1.682905
selection,39000,decroissant,petite,1.101629
insertion,39000,decroissant,petite,1.025083
comptage,39000,decroissant,petite,0.000231
fusion,39000,decroissant,petite,0.003468
rapide,39000,decroissant,petite,0.001381
bulle_basique,39000,constant,petite,1.942111
bulle_basique_v2,39000,constant,petite,0.972805
bulle_optimise,39000,constant,petite,0.000051
cocktail,39000,constant,petite,0.000100
selection,39000,constant,petite,0.971525
insertion,39000,constant,petite,0.000095
comptage,39000,constant,petite,0.000187
fusion,39000,constant,petite,0.003809
rapide,39000,constant,petite,1.603439
bulle_basique,39000,aleatoire,grande,3.810485
bulle_basique_v2,39000,aleatoire,grande,2.890503
bulle_optimise,39000,aleatoire,grande,2.863094
cocktail,39000,aleatoire,grande,2.039503
selection,39000,aleatoire,grande,0.993863
insertion,39000,aleatoire,grande,0.514871
comptage,39000,aleatoire,grande,0.002570
fusion,39000,aleatoire,grande,0.011759
rapide,39000,aleatoire,grande,0.005523
bulle_basique,39000,croissant,grande,1.963211
bulle_basique_v2,39000,croissant,grande,0.999674
bulle_optimise,39000,croissant,grande,0.000050
cocktail,39000,croissant,grande,0.000099
selection,39000,croissant,grande,0.975304
insertion,39000,croissant,grande,0.000087
comptage,39000,croissant,grande,0.000243
fusion,39000,croissant,grande,0.003250
rapide,39000,croissant,grande,0.001155
bulle_basique,39000,decroissant,grande,2.659753
bulle_basique_v2,39000,decroissant,grande,1.741488
bulle_optimise,39000,decroissant,grande,1.748938
cocktail,39000,decroissant,grande,1.683691
selection,39000,decroissant,grande,1.092633
insertion,39000,decroissant,grande,1.027134
comptage,39000,decroissant,grande,0.000250
fusion,39000,decroissant,grande,0.003793
rapide,39000,decroissant,grande,0.001382
bulle_basique,39000,constant,grande,1.943278
bulle_basique_v2,39000,constant,grande,0.971501
bulle_optimise,39000,constant,grande,0.000050
cocktail,39000,constant,grande,0.000106
selection,39000,constant,grande,0.971260
insertion,39000,constant,grande,0.000088
comptage,39000,constant,grande,0.001587
fusion,39000,constant,grande,0.003640
rapide,39000,constant,grande,1.601780
bulle_basique,41000,aleatoire,petite,4.265509
bulle_basique_v2,41000,aleatoire,petite,3.232204
bulle_optimise,41000,aleatoire,petite,3.160887
cocktail,41000,aleatoire,petite,2.267818
selection,41000,aleatoire,petite,1.074242
insertion,41000,aleatoire,petite,0.536279
comptage,41000,aleatoire,petite,0.000182
fusion,41000,aleatoire,petite,0.005462
rapide,41000,aleatoire,petite,0.085802
bulle_basique,41000,croissant,petite,2.146441
bulle_basique_v2,41000,croissant,petite,1.075066
bulle_optimise,41000,croissant,petite,0.000052
cocktail,41000,croissant,petite,0.000105
selection,41000,croissant,petite,1.073206
insertion,41000,croissant,petite,0.000092
comptage,41000,croissant,petite,0.000303
fusion,41000,croissant,petite,0.003690
rapide,41000,croissant,petite,0.001232
bulle_basique,41000,decroissant,petite,2.999540
bulle_basique_v2,41000,decroissant,petite,1.951297
bulle_optimise,41000,decroissant,petite,1.935950
cocktail,41000,decroissant,petite,1.862287
selection,41000,decroissant,petite,1.206914
insertion,41000,decroissant,petite,1.134804
comptage,41000,decroissant,petite,0.000288
fusion,41000,decroissant,petite,0.003751
rapide,41000,decroissant,petite,0.001479
bulle_basique,41000,constant,petite,2.145102
bulle_basique_v2,41000,constant,petite,1.073187
bulle_optimise,41000,constant,petite,0.000056
cocktail,41000,constant,petite,0.000106
selection,41000,constant,petite,1.073063
insertion,41000,constant,petite,0.000092
comptage,41000,constant,petite,0.000211
fusion,41000,constant,petite,0.003889
rapide,41000,constant,petite,1.770936
bulle_basique,41000,aleatoire,grande,4.251685
bulle_basique_v2,41000,aleatoire,grande,3.199752
bulle_optimise,41000,aleatoire,grande,3.185194
cocktail,41000,aleatoire,grande,2.244385
selection,41000,aleatoire,grande,1.102474
insertion,41000,aleatoire,grande,0.571669
comptage,41000,aleatoire,grande,0.002673
fusion,41000,aleatoire,grande,0.006416
rapide,41000,aleatoire,grande,0.003765
bulle_basique,41000,croissant,grande,2.280262
bulle_basique_v2,41000,croissant,grande,1.084146
bulle_optimise,41000,croissant,grande,0.000053
cocktail,41000,croissant,grande,0.000105
selection,41000,croissant,grande,1.078907
insertion,41000,croissant,grande,0.000093
comptage,41000,croissant,grande,0.000307
fusion,41000,croissant,grande,0.004251
rapide,41000,croissant,grande,0.001224
bulle_basique,41000,decroissant,grande,2.935988
bulle_basique_v2,41000,decroissant,grande,1.944764
bulle_optimise,41000,decroissant,grande,1.938649
cocktail,41000,decroissant,grande,1.860379
selection,41000,decroissant,grande,1.207577
insertion,41000,decroissant,grande,1.134094
comptage,41000,decroissant,grande,0.000293
fusion,41000,decroissant,grande,0.004317
rapide,41000,decroissant,grande,0.001482
bulle_basique,41000,constant,grande,2.157930
bulle_basique_v2,41000,constant,grande,1.169174
bulle_optimise,41000,constant,grande,0.000054
cocktail,41000,constant,grande,0.000106
selection,41000,constant,grande,1.094724
insertion,41000,constant,grande,0.000097
comptage,41000,constant,grande,0.001870
fusion,41000,constant,grande,0.003404
rapide,41000,constant,grande,1.894145
bulle_basique,43000,aleatoire,petite,4.663508
bulle_basique_v2,43000,aleatoire,petite,3.524802
bulle_optimise,43000,aleatoire,petite,3.487768
cocktail,43000,aleatoire,petite,2.486863
selection,43000,aleatoire,petite,1.181141
insertion,43000,aleatoire,petite,0.600170
comptage,43000,aleatoire,petite,0.000180
fusion,43000,aleatoire,petite,0.005140
rapide,43000,aleatoire,petite,0.096598
bulle_basique,43000,croissant,petite,2.414283
bulle_basique_v2,43000,croissant,petite,1.213430
bulle_optimise,43000,croissant,petite,0.000055
cocktail,43000,croissant,petite,0.000110
selection,43000,croissant,petite,1.185437
insertion,43000,croissant,petite,0.000097
comptage,43000,croissant,petite,0.000288
fusion,43000,croissant,petite,0.003567
rapide,43000,croissant,petite,0.001291
bulle_basique,43000,decroissant,petite,3.265722
bulle_basique_v2,43000,decroissant,petite,2.156126
bulle_optimise,43000,decroissant,petite,2.147819
cocktail,43000,decroissant,petite,2.081223
selection,43000,decroissant,petite,1.331647
insertion,43000,decroissant,petite,1.250470
comptage,43000,decroissant,petite,0.000272
fusion,43000,decroissant,petite,0.003626
rapide,43000,decroissant,petite,0.001543
bulle_basique,43000,constant,petite,2.358207
bulle_basique_v2,43000,constant,petite,1.180417
bulle_optimise,43000,constant,petite,0.000056
cocktail,43000,constant,petite,0.000110
selection,43000,constant,petite,1.180233
insertion,43000,constant,petite,0.000096
comptage,43000,constant,petite,0.000216
fusion,43000,constant,petite,0.003697
rapide,43000,constant,petite,1.953123
bulle_basique,43000,aleatoire,grande,4.669646
bulle_basique_v2,43000,aleatoire,grande,3.535620
bulle_optimise,43000,aleatoire,grande,3.589344
cocktail,43000,aleatoire,grande,2.631511
selection,43000,aleatoire,grande,1.300223
insertion,43000,aleatoire,grande,0.634854
comptage,43000,aleatoire,grande,0.002754
fusion,43000,aleatoire,grande,0.006744
rapide,43000,aleatoire,grande,0.003941
bulle_basique,43000,croissant,grande,2.479225
bulle_basique_v2,43000,croissant,grande,1.181116
bulle_optimise,43000,croissant,grande,0.000056
cocktail,43000,croissant,grande,0.000110
selection,43000,croissant,grande,1.180091
insertion,43000,croissant,grande,0.000096
comptage,43000,croissant,grande,0.000286
fusion,43000,croissant,grande,0.003610
rapide,43000,croissant,grande,0.001292
bulle_basique,43000,decroissant,grande,3.245679
bulle_basique_v2,43000,decroissant,grande,2.152457
bulle_optimise,43000,decroissant,grande,2.150178
cocktail,43000,decroissant,grande,2.073588
selection,43000,decroissant,grande,1.384766
insertion,43000,decroissant,grande,1.289254
comptage,43000,decroissant,grande,0.000289
fusion,43000,decroissant,grande,0.004223
rapide,43000,decroissant,grande,0.001616
bulle_basique,43000,constant,grande,2.459195
bulle_basique_v2,43000,constant,grande,1.198234
bulle_optimise,43000,constant,grande,0.000055
cocktail,43000,constant,grande,0.000110
selection,43000,constant,grande,1.184252
insertion,43000,constant,grande,0.000096
comptage,43000,constant,grande,0.000767
fusion,43000,constant,grande,0.003606
rapide,43000,constant,grande,1.952057
bulle_basique,45000,aleatoire,petite,5.096520
bulle_basique_v2,45000,aleatoire,petite,3.848829
bulle_optimise,45000,aleatoire,petite,3.893373
cocktail,45000,aleatoire,petite,2.765972
selection,45000,aleatoire,petite,1.299978
insertion,45000,aleatoire,petite,0.648507
comptage,45000,aleatoire,petite,0.000208
fusion,45000,aleatoire,petite,0.005756
rapide,45000,aleatoire,petite,0.103323
bulle_basique,45000,croissant,petite,2.583567
bulle_basique_v2,45000,croissant,petite,1.292330
bulle_optimise,45000,croissant,petite,0.000058
cocktail,45000,croissant,petite,0.000115
selection,45000,croissant,petite,1.291451
insertion,45000,croissant,petite,0.000102
comptage,45000,croissant,petite,0.000300
fusion,45000,croissant,petite,0.004032
rapide,45000,croissant,petite,0.001365
bulle_basique,45000,decroissant,petite,3.541468
bulle_basique_v2,45000,decroissant,petite,2.324482
bulle_optimise,45000,decroissant,petite,2.338358
cocktail,45000,decroissant,petite,2.243712
selection,45000,decroissant,petite,1.454507
insertion,45000,decroissant,petite,1.372126
comptage,45000,decroissant,petite,0.000298
fusion,45000,decroissant,petite,0.004058
rapide,45000,decroissant,petite,0.001652
bulle_basique,45000,constant,petite,2.633441
bulle_basique_v2,45000,constant,petite,1.312161
bulle_optimise,45000,constant,petite,0.000058
cocktail,45000,constant,petite,0.000124
selection,45000,constant,petite,1.294814
insertion,45000,constant,petite,0.000101
comptage,45000,constant,petite,0.000215
fusion,45000,constant,petite,0.003785
rapide,45000,constant,petite,2.139376
bulle_basique,45000,aleatoire,grande,5.117154
bulle_basique_v2,45000,aleatoire,grande,4.090922
bulle_optimise,45000,aleatoire,grande,3.930378
cocktail,45000,aleatoire,grande,2.809338
selection,45000,aleatoire,grande,1.295003
insertion,45000,aleatoire,grande,0.681219
comptage,45000,aleatoire,grande,0.002831
fusion,45000,aleatoire,grande,0.006864
rapide,45000,aleatoire,grande,0.004047
bulle_basique,45000,croissant,grande,2.594512
bulle_basique_v2,45000,croissant,grande,1.301210
bulle_optimise,45000,croissant,grande,0.000059
cocktail,45000,croissant,grande,0.000115
selection,45000,croissant,grande,1.299170
insertion,45000,croissant,grande,0.000101
comptage,45000,croissant,grande,0.000312
fusion,45000,croissant,grande,0.003747
rapide,45000,croissant,grande,0.001375
bulle_basique,45000,decroissant,grande,3.531806
bulle_basique_v2,45000,decroissant,grande,2.318288
bulle_optimise,45000,decroissant,grande,2.330184
cocktail,45000,decroissant,grande,2.239241
selection,45000,decroissant,grande,1.453053
insertion,45000,decroissant,grande,1.376161
comptage,45000,decroissant,grande,0.000289
fusion,45000,decroissant,grande,0.004198
rapide,45000,decroissant,grande,0.001889
bulle_basique,45000,constant,grande,2.621970
bulle_basique_v2,45000,constant,grande,1.291664
bulle_optimise,45000,constant,grande,0.000059
cocktail,45000,constant,grande,0.000115
selection,45000,constant,grande,1.291106
insertion,45000,constant,grande,0.000100
comptage,45000,constant,grande,0.002094
fusion,45000,constant,grande,0.004261
rapide,45000,constant,grande,2.138533
bulle_basique,47000,aleatoire,petite,5.574049
bulle_basique_v2,47000,aleatoire,petite,4.220482
bulle_optimise,47000,aleatoire,petite,4.255940
cocktail,47000,aleatoire,petite,3.060932
selection,47000,aleatoire,petite,1.424540
insertion,47000,aleatoire,petite,0.799316
comptage,47000,aleatoire,petite,0.000192
fusion,47000,aleatoire,petite,0.005682
rapide,47000,aleatoire,petite,0.114961
bulle_basique,47000,croissant,petite,2.832682
bulle_basique_v2,47000,croissant,petite,1.408002
bulle_optimise,47000,croissant,petite,0.000061
cocktail,47000,croissant,petite,0.000121
selection,47000,croissant,petite,1.408266
insertion,47000,croissant,petite,0.000107
comptage,47000,croissant,petite,0.000349
fusion,47000,croissant,petite,0.004334
rapide,47000,croissant,petite,0.001448
bulle_basique,47000,decroissant,petite,3.969805
bulle_basique_v2,47000,decroissant,petite,2.559953
bulle_optimise,47000,decroissant,petite,2.547248
cocktail,47000,decroissant,petite,2.443630
selection,47000,decroissant,petite,1.602630
insertion,47000,decroissant,petite,1.505069
comptage,47000,decroissant,petite,0.000298
fusion,47000,decroissant,petite,0.004135
rapide,47000,decroissant,petite,0.001697
bulle_basique,47000,constant,petite,2.819575
bulle_basique_v2,47000,constant,petite,1.409187
bulle_optimise,47000,constant,petite,0.000061
cocktail,47000,constant,petite,0.000120
selection,47000,constant,petite,1.408572
insertion,47000,constant,petite,0.000105
comptage,47000,constant,petite,0.000246
fusion,47000,constant,petite,0.004632
rapide,47000,constant,petite,2.331267
bulle_basique,47000,aleatoire,grande,5.640909
bulle_basique_v2,47000,aleatoire,grande,4.274750
bulle_optimise,47000,aleatoire,grande,4.464424
cocktail,47000,aleatoire,grande,3.020570
selection,47000,aleatoire,grande,1.416384
insertion,47000,aleatoire,grande,0.740940
comptage,47000,aleatoire,grande,0.002705
fusion,47000,aleatoire,grande,0.007187
rapide,47000,aleatoire,grande,0.004375
bulle_basique,47000,croissant,grande,2.817736
bulle_basique_v2,47000,croissant,grande,1.426681
bulle_optimise,47000,croissant,grande,0.000060
cocktail,47000,croissant,grande,0.000121
selection,47000,croissant,grande,1.409109
insertion,47000,croissant,grande,0.000106
comptage,47000,croissant,grande,0.000294
fusion,47000,croissant,grande,0.004477
rapide,47000,croissant,grande,0.001446
bulle_basique,47000,decroissant,grande,3.855643
bulle_basique_v2,47000,decroissant,grande,2.534504
bulle_optimise,47000,decroissant,grande,2.548647
cocktail,47000,decroissant,grande,2.443130
selection,47000,decroissant,grande,1.584216
insertion,47000,decroissant,grande,1.496809
comptage,47000,decroissant,grande,0.000327
fusion,47000,decroissant,grande,0.004297
rapide,47000,decroissant,grande,0.001706
bulle_basique,47000,constant,grande,2.815976
bulle_basique_v2,47000,constant,grande,1.408381
bulle_optimise,47000,constant,grande,0.000060
cocktail,47000,constant,grande,0.000119
selection,47000,constant,grande,1.424273
insertion,47000,constant,grande,0.000105
comptage,47000,constant,grande,0.000584
fusion,47000,constant,grande,0.003918
rapide,47000,constant,grande,2.435827
bulle_basique,49000,aleatoire,petite,6.284607
bulle_basique_v2,49000,aleatoire,petite,4.598391
bulle_optimise,49000,aleatoire,petite,4.568183
cocktail,49000,aleatoire,petite,3.278123
selection,49000,aleatoire,petite,1.532503
insertion,49000,aleatoire,petite,0.765973
comptage,49000,aleatoire,petite,0.000213
fusion,49000,aleatoire,petite,0.005996
rapide,49000,aleatoire,petite,0.122116
bulle_basique,49000,croissant,petite,3.060921
bulle_basique_v2,49000,croissant,petite,1.530292
bulle_optimise,49000,croissant,petite,0.000062
cocktail,49000,croissant,petite,0.000126
selection,49000,croissant,petite,1.531105
insertion,49000,croissant,petite,0.000109
comptage,49000,croissant,petite,0.000307
fusion,49000,croissant,petite,0.004968
rapide,49000,croissant,petite,0.001525
bulle_basique,49000,decroissant,petite,4.187642
bulle_basique_v2,49000,decroissant,petite,2.755155
bulle_optimise,49000,decroissant,petite,2.771808
cocktail,49000,decroissant,petite,2.658243
selection,49000,decroissant,petite,1.723287
insertion,49000,decroissant,petite,1.628714
comptage,49000,decroissant,petite,0.000346
fusion,49000,decroissant,petite,0.004571
rapide,49000,decroissant,petite,0.001795
bulle_basique,49000,constant,petite,3.059659
bulle_basique_v2,49000,constant,petite,1.672219
bulle_optimise,49000,constant,petite,0.000063
cocktail,49000,constant,petite,0.000128
selection,49000,constant,petite,1.572831
insertion,49000,constant,petite,0.000111
comptage,49000,constant,petite,0.000231
fusion,49000,constant,petite,0.004110
rapide,49000,constant,petite,2.625068
bulle_basique,49000,aleatoire,grande,6.146046
bulle_basique_v2,49000,aleatoire,grande,4.653497
bulle_optimise,49000,aleatoire,grande,4.597815
cocktail,49000,aleatoire,grande,3.222054
selection,49000,aleatoire,grande,1.535538
insertion,49000,aleatoire,grande,0.814187
comptage,49000,aleatoire,grande,0.002994
fusion,49000,aleatoire,grande,0.007743
rapide,49000,aleatoire,grande,0.004491
bulle_basique,49000,croissant,grande,3.061415
bulle_basique_v2,49000,croissant,grande,1.531531
bulle_optimise,49000,croissant,grande,0.000064
cocktail,49000,croissant,grande,0.000125
selection,49000,croissant,grande,1.530681
insertion,49000,croissant,grande,0.000109
comptage,49000,croissant,grande,0.000392
fusion,49000,croissant,grande,0.004724
rapide,49000,croissant,grande,0.001540
bulle_basique,49000,decroissant,grande,4.194439
bulle_basique_v2,49000,decroissant,grande,2.757293
bulle_optimise,49000,decroissant,grande,2.770235
cocktail,49000,decroissant,grande,2.675768
selection,49000,decroissant,grande,1.721011
insertion,49000,decroissant,grande,1.628445
comptage,49000,decroissant,grande,0.000343
fusion,49000,decroissant,grande,0.004636
rapide,49000,decroissant,grande,0.001773
bulle_basique,49000,constant,grande,3.198491
bulle_basique_v2,49000,constant,grande,1.617586
bulle_optimise,49000,constant,grande,0.000064
cocktail,49000,constant,grande,0.000130
selection,49000,constant,grande,1.552484
insertion,49000,constant,grande,0.000110
comptage,49000,constant,grande,0.000512
fusion,49000,constant,grande,0.004280
rapide,49000,constant,grande,2.542697
